{
  "label": "Panic",
  "threshold": 0.6171717171717171,
  "feature_columns": [
    "Age",
    "Sex",
    "BMI",
    "SDNN",
    "LF",
    "HF",
    "LFHF",
    "MEANH",
    "TP",
    "VLF",
    "NLF",
    "phq15",
    "haq21",
    "cabah",
    "bdi",
    "bai",
    "HRV_Mean",
    "LF_HF_Ratio"
  ],
  "outlier_bounds": {
    "SDNN": [
      -37.0,
      103.0
    ],
    "LF": [
      -952.0,
      1550.5
    ],
    "HF": [
      -792.0,
      1217.0
    ],
    "LFHF": [
      -4.7983979353725905,
      8.106543208069873
    ],
    "MEANH": [
      22.0,
      130.5
    ],
    "TP": [
      -3397.5,
      5881.0
    ],
    "VLF": [
      -1710.5,
      2853.5
    ],
    "NLF": [
      -60.45918431504291,
      161.13972045459406
    ],
    "phq15": [
      -22.5,
      37.0
    ],
    "haq21": [
      -46.0,
      80.0
    ],
    "cabah": [
      -12.5,
      124.0
    ],
    "bdi": [
      -46.0,
      69.5
    ],
    "bai": [
      -44.5,
      64.0
    ],
    "Age": [
      -16.0,
      103.0
    ],
    "BMI": [
      2.855566135734076,
      43.65910664819944
    ],
    "HRV_Mean": [
      -823.1977443753203,
      1466.4994566840373
    ],
    "LF_HF_Ratio": [
      -4.631487591653301,
      7.876007280820724
    ]
  },
  "files": {
    "model": "Panic_best.joblib",
    "scaler": "Panic_best_scaler.joblib",
    "imputer": "Panic_best_imputer.joblib"
  }
}