{
  "label": "SSD",
  "threshold": 0.3666666666666667,
  "feature_columns": [
    "Age",
    "Sex",
    "BMI",
    "SDNN",
    "LF",
    "HF",
    "LFHF",
    "MEANH",
    "TP",
    "VLF",
    "NLF",
    "HRV_Mean",
    "LF_HF_Ratio"
  ],
  "outlier_bounds": {
    "SDNN": [
      -31.5,
      98.0
    ],
    "LF": [
      -903.5,
      1522.0
    ],
    "HF": [
      -752.5,
      1176.0
    ],
    "LFHF": [
      -4.549603174603174,
      8.00595238095238
    ],
    "MEANH": [
      24.0,
      129.0
    ],
    "TP": [
      -2866.5,
      5183.5
    ],
    "VLF": [
      -1556.5,
      2685.5
    ],
    "NLF": [
      -44.79990879033178,
      150.98088397370122
    ],
    "Age": [
      -16.0,
      103.0
    ],
    "BMI": [
      4.13016507404782,
      42.20812914707931
    ],
    "HRV_Mean": [
      -687.221652303539,
      1293.639852730005
    ],
    "LF_HF_Ratio": [
      -4.460925740466429,
      7.853446863958973
    ]
  },
  "files": {
    "model": "SSD_best.joblib",
    "scaler": "SSD_best_scaler.joblib",
    "imputer": "SSD_best_imputer.joblib"
  }
}