{
  "label": "SSD",
  "threshold": 0.2535353535353535,
  "feature_columns": [
    "Age",
    "Sex",
    "BMI",
    "SDNN",
    "LF",
    "HF",
    "LFHF",
    "MEANH",
    "TP",
    "VLF",
    "NLF",
    "HRV_Mean",
    "LF_HF_Ratio",
    "Sympathetic_Index",
    "Parasympathetic_Index",
    "HF_TP_Ratio",
    "SDNN_MEANH_Ratio",
    "GAD_Risk"
  ],
  "outlier_bounds": {
    "SDNN": [
      -33.0,
      100.0
    ],
    "LF": [
      -980.5,
      1623.5
    ],
    "HF": [
      -736.25,
      1166.0
    ],
    "LFHF": [
      -5.085549490961174,
      8.532516548600627
    ],
    "MEANH": [
      20.75,
      131.0
    ],
    "TP": [
      -3286.75,
      5811.5
    ],
    "VLF": [
      -1787.0,
      3008.0
    ],
    "NLF": [
      -60.5488125807429,
      163.57198679404775
    ],
    "Age": [
      -16.0,
      103.0
    ],
    "BMI": [
      3.281540319457278,
      42.97765791398851
    ],
    "HRV_Mean": [
      -792.4507591575341,
      1454.3421569470866
    ],
    "LF_HF_Ratio": [
      -5.056562015647561,
      8.500132598573023
    ],
    "Sympathetic_Index": [
      -0.4682448801030723,
      1.6269405422751757
    ],
    "Parasympathetic_Index": [
      -0.6235765361971195,
      1.4599708498787998
    ],
    "HF_TP_Ratio": [
      -0.419808735468408,
      0.7810900077884699
    ],
    "SDNN_MEANH_Ratio": [
      -0.6565076966187224,
      1.5854205288320196
    ],
    "GAD_Risk": [
      -1.860376665011097,
      3.051602507613615
    ]
  },
  "files": {
    "model": "SSD_best.joblib",
    "scaler": "SSD_best_scaler.joblib",
    "imputer": "SSD_best_imputer.joblib"
  }
}